---
layout: null
---
<?xml version="1.0" encoding="UTF-8"?>
<rss version="2.0" xmlns:atom="http://www.w3.org/2005/Atom">
  <channel>
    <title>{{ site.title | xml_escape }}</title>
    <description>{{ site.description | xml_escape }}</description>
    <link>{{ site.url }}</link>
    <atom:link href="{{ site.url }}/feed.xml" rel="self" type="application/rss+xml" />
    {% for post in site.posts limit:20 %}
      <item>
        <title>{{ post.title | xml_escape }}</title>
        <description>
          {% if post.subtitle %}{{ post.subtitle | xml_escape }} - {% endif %}
          {{ post.content | strip_html | xml_escape | truncatewords: 50 }}
        </description>
        <pubDate>{{ post.date | date: "%a, %d %b %Y %H:%M:%S %z" }}</pubDate>
        <link>{{ site.url }}{{ post.url }}</link>
        <guid isPermaLink="true">{{ site.url }}{{ post.url }}</guid>
      </item>
    {% endfor %}
  </channel>
</rss>
